Frequency_Hz,C3,C4,O1,O2,Fp1,Fp2,Cz,Pz
0.000000e+00,2.432937e+00,2.133041e+00,1.499511e+00,2.094702e+00,4.411997e+00,3.949598e+00,3.074466e+00,2.936017e+00
2.500000e-01,9.433964e-01,8.426692e-01,5.916026e-01,8.665832e-01,1.873786e+00,1.643578e+00,1.200253e+00,1.153756e+00
5.000000e-01,7.607262e-01,7.932646e-01,8.631649e-01,1.068744e+00,6.831660e+00,6.854216e+00,9.268791e-01,9.312641e-01
7.500000e-01,2.069817e+01,1.804079e+01,2.258730e+01,2.094671e+01,1.620089e+02,1.520700e+02,2.420753e+01,2.489740e+01
1.000000e+00,1.824373e+02,1.458891e+02,1.569669e+02,1.448916e+02,7.625167e+02,6.935976e+02,2.111159e+02,2.343157e+02
1.250000e+00,4.503967e+02,2.739290e+02,3.285706e+02,3.338595e+02,1.447536e+03,1.341550e+03,4.455139e+02,4.893254e+02
1.500000e+00,3.989011e+02,2.490769e+02,3.683100e+02,4.726551e+02,1.909566e+03,1.742172e+03,3.719061e+02,4.333030e+02
1.750000e+00,2.898248e+02,2.113054e+02,3.626050e+02,4.791580e+02,1.660054e+03,1.412671e+03,3.079622e+02,4.308265e+02
2.000000e+00,2.628860e+02,2.694270e+02,2.364758e+02,2.918581e+02,1.773939e+03,1.517350e+03,3.820544e+02,3.623264e+02
2.250000e+00,2.722459e+02,2.547969e+02,2.962385e+02,2.697796e+02,1.551270e+03,1.373217e+03,3.437065e+02,3.495281e+02
2.500000e+00,2.108373e+02,1.572424e+02,2.296556e+02,1.800825e+02,1.187033e+03,9.990845e+02,2.205667e+02,2.089022e+02
2.750000e+00,1.018247e+02,9.251236e+01,1.530575e+02,1.794217e+02,7.506106e+02,6.182411e+02,1.124858e+02,1.135907e+02
3.000000e+00,1.084701e+02,1.038538e+02,1.406838e+02,1.316748e+02,4.084901e+02,3.156778e+02,1.303716e+02,1.252555e+02
3.250000e+00,1.354405e+02,1.091423e+02,2.671858e+02,2.264204e+02,3.900219e+02,3.199086e+02,1.614457e+02,1.876292e+02
3.500000e+00,8.570504e+01,9.158113e+01,1.714836e+02,1.667829e+02,3.403426e+02,2.747142e+02,1.159488e+02,1.307609e+02
3.750000e+00,9.998179e+01,8.541436e+01,9.106658e+01,9.912360e+01,2.529554e+02,1.828049e+02,1.365465e+02,1.071490e+02
4.000000e+00,1.032234e+02,7.098088e+01,1.152622e+02,9.918733e+01,2.441862e+02,1.708623e+02,1.322352e+02,1.108582e+02
4.250000e+00,1.034353e+02,6.909977e+01,9.045651e+01,8.064014e+01,2.429283e+02,1.859470e+02,1.105333e+02,9.147156e+01
4.500000e+00,1.288827e+02,8.305394e+01,1.011327e+02,8.347612e+01,2.713419e+02,2.103328e+02,1.285243e+02,1.066443e+02
4.750000e+00,9.987991e+01,6.498991e+01,8.235754e+01,7.991089e+01,2.511411e+02,1.950028e+02,1.045517e+02,7.421112e+01
5.000000e+00,9.060408e+01,5.570448e+01,7.124510e+01,8.329370e+01,1.386622e+02,1.076529e+02,9.624544e+01,7.067794e+01
5.250000e+00,8.632682e+01,4.843501e+01,7.948566e+01,9.060622e+01,9.141116e+01,7.102900e+01,9.901145e+01,8.277462e+01
5.500000e+00,5.938535e+01,3.944756e+01,5.952004e+01,6.647012e+01,9.043691e+01,7.027743e+01,7.012758e+01,6.031892e+01
5.750000e+00,5.609882e+01,4.143407e+01,4.093018e+01,5.760359e+01,1.055078e+02,7.499769e+01,6.056559e+01,4.546161e+01
6.000000e+00,5.699833e+01,3.900768e+01,2.942335e+01,4.106540e+01,1.036244e+02,6.880266e+01,6.478027e+01,4.142065e+01
6.250000e+00,4.439171e+01,3.233238e+01,2.947736e+01,3.450233e+01,8.939386e+01,5.669528e+01,5.425795e+01,3.915557e+01
6.500000e+00,5.799066e+01,3.126874e+01,3.522114e+01,2.729578e+01,8.864856e+01,5.485216e+01,6.741937e+01,4.318258e+01
6.750000e+00,5.409423e+01,2.862411e+01,4.951057e+01,4.184237e+01,6.683891e+01,4.200259e+01,6.107629e+01,4.671419e+01
7.000000e+00,4.647949e+01,3.046150e+01,4.475448e+01,4.281185e+01,5.096708e+01,3.545455e+01,4.900320e+01,4.105868e+01
7.250000e+00,5.547151e+01,4.580350e+01,6.175750e+01,3.814817e+01,6.804369e+01,5.352191e+01,6.395840e+01,5.039293e+01
7.500000e+00,3.857383e+01,3.833198e+01,6.053533e+01,4.611452e+01,4.312581e+01,4.061735e+01,5.343708e+01,4.927571e+01
7.750000e+00,3.806064e+01,3.055521e+01,4.869744e+01,4.600531e+01,3.702002e+01,3.558415e+01,4.862166e+01,4.339791e+01
8.000000e+00,3.804387e+01,2.656807e+01,5.600973e+01,5.289662e+01,4.837328e+01,3.776568e+01,4.191652e+01,4.409472e+01
8.250000e+00,5.136009e+01,3.944126e+01,7.860857e+01,7.740108e+01,5.176172e+01,4.278798e+01,5.940095e+01,6.360796e+01
8.500000e+00,5.150446e+01,4.205199e+01,6.896275e+01,6.409071e+01,4.897610e+01,4.107038e+01,6.098046e+01,5.662765e+01
8.750000e+00,4.291718e+01,3.509501e+01,5.550792e+01,4.416444e+01,3.819126e+01,3.062689e+01,5.219387e+01,5.102370e+01
9.000000e+00,3.730656e+01,2.820857e+01,5.027408e+01,4.086484e+01,2.704455e+01,2.360666e+01,3.981240e+01,4.600065e+01
9.250000e+00,2.974187e+01,2.266891e+01,4.149258e+01,3.872171e+01,2.604231e+01,2.429041e+01,2.994099e+01,3.495920e+01
9.500000e+00,2.525515e+01,2.189712e+01,4.668111e+01,4.387470e+01,2.986526e+01,2.405846e+01,2.603557e+01,3.485328e+01
9.750000e+00,1.764133e+01,1.476566e+01,2.482076e+01,2.738189e+01,3.429066e+01,2.617513e+01,2.101809e+01,2.108616e+01
1.000000e+01,2.026179e+01,1.747440e+01,3.623357e+01,3.594300e+01,2.949812e+01,2.288778e+01,1.923751e+01,2.549093e+01
1.025000e+01,2.524534e+01,1.940196e+01,4.813758e+01,4.215881e+01,1.790837e+01,1.487161e+01,2.184299e+01,3.782481e+01
1.050000e+01,2.896156e+01,1.795934e+01,4.650412e+01,3.528987e+01,2.325865e+01,2.096791e+01,2.287051e+01,3.331091e+01
1.075000e+01,2.867580e+01,1.737766e+01,4.151536e+01,2.915334e+01,1.903625e+01,1.605027e+01,2.062643e+01,2.952395e+01
1.100000e+01,2.916692e+01,2.155700e+01,3.822136e+01,3.972833e+01,1.251734e+01,1.317018e+01,2.244900e+01,3.123828e+01
1.125000e+01,3.382280e+01,1.775708e+01,4.108093e+01,4.469742e+01,1.836216e+01,1.906051e+01,2.257836e+01,2.918208e+01
1.150000e+01,5.032781e+01,2.625185e+01,4.640721e+01,5.090986e+01,2.049345e+01,1.934274e+01,2.828623e+01,3.116405e+01
1.175000e+01,5.678091e+01,3.149662e+01,5.111126e+01,4.439178e+01,2.840241e+01,2.931745e+01,2.529777e+01,2.801519e+01
1.200000e+01,6.416396e+01,2.844136e+01,5.144907e+01,5.219235e+01,2.431442e+01,2.205850e+01,2.437842e+01,2.535147e+01
1.225000e+01,9.317931e+01,4.742093e+01,7.192796e+01,6.570576e+01,3.292197e+01,2.885846e+01,4.090624e+01,4.292826e+01
1.250000e+01,7.072909e+01,5.354758e+01,6.533120e+01,5.670045e+01,4.652249e+01,4.358694e+01,3.935817e+01,3.472272e+01
1.275000e+01,4.758913e+01,3.234356e+01,6.275694e+01,5.790062e+01,4.697605e+01,4.459704e+01,3.754864e+01,3.559897e+01
1.300000e+01,2.937048e+01,1.970075e+01,4.108488e+01,3.158671e+01,2.399112e+01,2.236646e+01,2.797205e+01,2.563986e+01
1.325000e+01,2.209903e+01,1.556265e+01,6.263180e+01,4.070372e+01,1.627864e+01,1.500647e+01,1.742407e+01,2.620014e+01
1.350000e+01,1.897658e+01,1.268243e+01,6.677149e+01,5.721825e+01,1.558503e+01,1.290877e+01,1.770790e+01,3.426481e+01
1.375000e+01,2.088255e+01,1.572581e+01,5.664794e+01,5.879442e+01,1.578410e+01,1.411924e+01,2.109674e+01,3.687036e+01
1.400000e+01,2.081126e+01,1.518131e+01,4.496696e+01,4.739679e+01,1.797966e+01,1.479082e+01,2.109456e+01,3.025034e+01
1.425000e+01,1.609989e+01,1.328010e+01,3.409879e+01,4.431605e+01,1.491226e+01,1.269874e+01,1.816856e+01,2.237151e+01
1.450000e+01,1.755807e+01,9.936463e+00,4.005179e+01,4.175950e+01,1.301402e+01,1.120887e+01,1.650389e+01,1.961041e+01
1.475000e+01,1.806948e+01,9.420524e+00,3.257951e+01,3.371512e+01,1.465072e+01,1.085490e+01,1.694133e+01,1.814974e+01
1.500000e+01,1.710093e+01,9.246044e+00,3.665497e+01,2.997828e+01,1.261327e+01,8.333656e+00,1.482786e+01,1.826665e+01
1.525000e+01,1.880755e+01,1.123037e+01,4.945105e+01,4.689339e+01,1.166671e+01,7.933424e+00,1.584864e+01,2.134934e+01
1.550000e+01,1.724456e+01,1.233703e+01,3.062439e+01,3.341396e+01,1.181587e+01,9.244563e+00,1.770432e+01,1.712421e+01
1.575000e+01,1.351923e+01,9.719258e+00,3.185448e+01,2.518745e+01,1.181862e+01,8.553969e+00,1.402039e+01,1.711186e+01
1.600000e+01,1.535312e+01,1.190031e+01,2.500190e+01,2.172013e+01,1.213214e+01,9.600894e+00,1.725187e+01,1.519408e+01
1.625000e+01,1.630229e+01,1.282078e+01,2.639957e+01,2.517310e+01,1.512843e+01,1.110684e+01,1.709917e+01,1.383223e+01
1.650000e+01,1.519636e+01,9.848397e+00,2.436800e+01,2.276270e+01,1.616815e+01,1.181014e+01,1.370458e+01,1.184167e+01
1.675000e+01,1.859136e+01,1.278641e+01,2.803212e+01,2.181435e+01,1.538868e+01,1.306491e+01,1.612168e+01,1.803846e+01
1.700000e+01,1.913838e+01,1.342425e+01,3.030676e+01,2.304056e+01,1.105551e+01,9.324195e+00,1.660554e+01,2.035478e+01
1.725000e+01,1.600360e+01,1.243671e+01,2.824052e+01,2.429426e+01,8.712108e+00,7.795425e+00,1.505568e+01,1.836681e+01
1.750000e+01,1.134540e+01,1.033023e+01,2.419127e+01,2.244285e+01,6.969807e+00,6.354026e+00,1.163245e+01,1.333617e+01
1.775000e+01,1.360305e+01,1.033857e+01,2.683358e+01,2.003358e+01,9.044533e+00,6.269800e+00,1.165682e+01,1.339065e+01
1.800000e+01,1.405722e+01,1.174549e+01,2.583453e+01,2.413437e+01,1.168199e+01,7.431865e+00,1.273765e+01,1.492805e+01
1.825000e+01,1.408082e+01,1.008997e+01,2.455530e+01,2.468267e+01,1.093426e+01,7.357107e+00,1.247092e+01,1.372315e+01
1.850000e+01,1.115446e+01,6.650710e+00,1.964653e+01,1.933481e+01,7.913077e+00,5.744053e+00,1.017988e+01,1.110907e+01
1.875000e+01,1.208479e+01,7.364055e+00,2.025917e+01,1.710380e+01,9.275151e+00,6.501102e+00,1.121616e+01,1.151144e+01
1.900000e+01,1.088349e+01,7.302905e+00,1.628520e+01,1.412733e+01,8.221412e+00,6.227146e+00,1.105202e+01,1.036418e+01
1.925000e+01,1.110456e+01,6.145663e+00,1.272055e+01,1.417785e+01,7.587444e+00,6.219916e+00,1.073291e+01,8.768209e+00
1.950000e+01,1.252615e+01,7.913128e+00,2.098790e+01,1.651740e+01,5.896507e+00,4.765408e+00,1.277492e+01,1.388201e+01
1.975000e+01,9.285548e+00,8.260900e+00,2.096017e+01,1.828768e+01,9.061873e+00,7.848375e+00,9.459239e+00,1.160987e+01
2.000000e+01,8.401812e+00,8.357873e+00,1.748187e+01,1.352963e+01,1.044550e+01,7.893287e+00,8.724486e+00,8.989184e+00
2.025000e+01,1.098755e+01,9.996556e+00,1.513269e+01,1.472152e+01,7.856576e+00,4.742122e+00,1.172994e+01,1.098188e+01
2.050000e+01,1.279526e+01,9.013945e+00,2.003110e+01,1.707618e+01,6.321185e+00,4.334730e+00,1.187186e+01,1.353513e+01
2.075000e+01,1.004977e+01,5.891769e+00,1.857663e+01,1.360540e+01,6.560509e+00,5.106146e+00,8.728914e+00,8.675077e+00
2.100000e+01,8.154277e+00,4.998973e+00,1.135361e+01,1.108993e+01,8.066394e+00,5.331056e+00,8.106343e+00,5.843478e+00
2.125000e+01,7.554442e+00,6.288482e+00,1.490656e+01,1.897533e+01,6.960862e+00,5.107852e+00,7.127588e+00,7.309738e+00
2.150000e+01,5.963935e+00,6.481687e+00,1.586288e+01,1.933453e+01,8.687930e+00,5.521077e+00,5.835667e+00,6.562980e+00
2.175000e+01,9.753142e+00,8.485856e+00,1.675980e+01,1.558896e+01,8.301204e+00,5.218305e+00,7.447682e+00,8.871838e+00
2.200000e+01,1.041839e+01,6.546051e+00,1.602664e+01,1.415311e+01,7.908274e+00,5.769919e+00,7.929263e+00,8.215499e+00
2.225000e+01,8.523967e+00,4.890012e+00,1.291208e+01,1.429081e+01,9.806394e+00,5.230146e+00,6.868316e+00,6.516440e+00
2.250000e+01,8.474890e+00,7.592920e+00,1.244312e+01,1.452544e+01,8.406190e+00,4.437539e+00,7.536397e+00,6.732108e+00
2.275000e+01,9.520030e+00,9.581072e+00,1.311326e+01,1.256840e+01,5.887843e+00,3.850241e+00,8.473645e+00,7.044984e+00
2.300000e+01,1.215022e+01,9.404439e+00,1.215996e+01,1.321294e+01,8.228259e+00,4.881389e+00,9.283113e+00,7.088718e+00
2.325000e+01,1.147197e+01,8.429546e+00,1.003779e+01,1.290884e+01,8.144139e+00,4.864445e+00,1.027666e+01,7.945238e+00
2.350000e+01,1.049841e+01,7.325657e+00,1.328951e+01,1.382018e+01,7.294033e+00,4.300830e+00,7.995077e+00,9.003059e+00
2.375000e+01,1.094092e+01,5.713580e+00,1.287590e+01,1.355333e+01,8.199783e+00,4.853214e+00,7.653709e+00,7.441065e+00
2.400000e+01,1.163494e+01,6.130614e+00,1.169498e+01,1.418603e+01,7.838901e+00,5.558812e+00,8.867996e+00,8.132874e+00
2.425000e+01,1.110301e+01,5.302579e+00,1.402124e+01,1.457298e+01,6.229570e+00,4.896650e+00,7.283309e+00,8.645820e+00
2.450000e+01,1.147064e+01,6.355344e+00,1.303635e+01,1.191039e+01,7.063896e+00,3.448819e+00,7.599044e+00,8.886833e+00
2.475000e+01,9.005957e+00,6.305523e+00,1.248095e+01,1.122830e+01,5.901274e+00,2.832625e+00,6.508027e+00,8.371941e+00
2.500000e+01,6.172718e+00,5.561308e+00,9.011198e+00,7.077270e+00,5.860632e+00,4.252219e+00,5.804019e+00,5.408695e+00
2.525000e+01,6.277362e+00,4.693187e+00,5.618568e+00,6.859955e+00,7.401675e+00,4.553137e+00,5.978159e+00,3.909643e+00
2.550000e+01,6.703561e+00,5.207028e+00,8.564751e+00,9.543941e+00,8.191019e+00,4.154725e+00,6.434601e+00,5.535854e+00
2.575000e+01,5.923053e+00,4.734742e+00,9.990655e+00,1.008591e+01,7.958809e+00,4.590601e+00,6.564078e+00,5.422901e+00
2.600000e+01,5.108865e+00,4.489193e+00,1.007610e+01,1.068728e+01,6.180181e+00,3.837596e+00,5.961884e+00,5.540088e+00
2.625000e+01,5.110368e+00,4.223770e+00,8.547057e+00,9.395780e+00,6.730114e+00,5.001860e+00,5.076831e+00,5.265688e+00
2.650000e+01,5.654731e+00,4.004482e+00,6.912848e+00,8.927462e+00,8.268574e+00,3.840160e+00,5.148984e+00,4.742556e+00
2.675000e+01,5.896513e+00,4.746149e+00,7.206852e+00,8.764728e+00,8.802940e+00,3.142535e+00,6.631285e+00,5.078788e+00
2.700000e+01,5.804218e+00,3.630675e+00,8.323419e+00,7.292968e+00,7.191836e+00,4.565160e+00,5.647311e+00,4.687350e+00
2.725000e+01,4.595999e+00,2.936427e+00,6.924122e+00,7.718806e+00,5.101355e+00,5.129282e+00,4.785561e+00,3.834685e+00
2.750000e+01,5.512718e+00,2.394092e+00,6.918969e+00,8.540995e+00,5.527708e+00,3.958032e+00,4.800501e+00,4.495282e+00
2.775000e+01,5.181674e+00,2.493352e+00,5.621785e+00,6.721467e+00,5.451676e+00,3.082844e+00,3.863198e+00,3.548266e+00
2.800000e+01,3.939777e+00,3.800160e+00,4.446252e+00,6.823935e+00,7.384825e+00,4.447643e+00,3.950878e+00,3.234139e+00
2.825000e+01,3.544320e+00,3.968129e+00,4.136591e+00,7.828406e+00,8.985776e+00,5.174524e+00,4.461706e+00,2.853033e+00
2.850000e+01,2.906245e+00,2.631968e+00,5.225931e+00,7.052227e+00,8.414732e+00,4.672036e+00,3.418426e+00,2.319630e+00
2.875000e+01,4.405697e+00,2.707643e+00,5.919796e+00,6.306790e+00,7.910685e+00,3.976251e+00,3.875477e+00,3.056984e+00
2.900000e+01,4.720191e+00,2.381995e+00,5.520366e+00,4.870025e+00,5.334357e+00,3.169837e+00,3.515324e+00,2.706489e+00
2.925000e+01,4.301919e+00,2.202343e+00,5.052345e+00,4.961855e+00,4.067877e+00,3.003746e+00,3.616681e+00,3.008316e+00
2.950000e+01,3.021387e+00,2.682262e+00,3.930599e+00,5.868736e+00,4.988654e+00,3.634544e+00,3.644739e+00,2.952255e+00
2.975000e+01,2.802018e+00,3.100525e+00,4.333488e+00,6.150436e+00,5.084427e+00,4.417871e+00,4.285613e+00,3.073799e+00
3.000000e+01,3.001247e+00,2.950524e+00,3.130025e+00,4.171991e+00,6.334119e+00,3.906123e+00,4.034205e+00,3.052355e+00
3.025000e+01,2.334042e+00,2.259125e+00,4.006920e+00,5.451510e+00,6.200712e+00,2.802011e+00,2.915911e+00,2.334567e+00
3.050000e+01,2.026430e+00,1.566593e+00,2.632562e+00,4.268894e+00,6.576460e+00,3.253848e+00,2.497969e+00,1.305962e+00
3.075000e+01,3.133736e+00,2.210427e+00,3.893422e+00,5.263743e+00,6.516179e+00,3.541578e+00,2.799858e+00,2.034041e+00
3.100000e+01,3.923679e+00,2.359161e+00,5.431542e+00,5.745174e+00,8.118904e+00,4.476581e+00,3.228990e+00,2.600796e+00
3.125000e+01,3.597011e+00,2.801319e+00,4.927516e+00,5.769738e+00,6.819932e+00,4.450044e+00,3.360484e+00,3.228051e+00
3.150000e+01,3.024738e+00,2.521633e+00,4.379067e+00,5.123514e+00,6.365233e+00,2.252405e+00,3.074799e+00,2.675926e+00
3.175000e+01,5.296693e+00,2.495416e+00,4.283698e+00,5.770828e+00,8.050893e+00,2.561986e+00,3.950728e+00,3.435171e+00
3.200000e+01,4.034175e+00,2.123225e+00,3.752703e+00,5.482631e+00,8.043946e+00,2.695704e+00,3.453245e+00,3.136224e+00
3.225000e+01,3.433189e+00,2.295022e+00,3.852032e+00,3.828056e+00,7.946714e+00,2.456419e+00,3.595222e+00,2.901426e+00
3.250000e+01,2.858833e+00,2.161137e+00,3.738077e+00,4.185135e+00,6.810057e+00,2.600462e+00,2.744942e+00,2.255577e+00
3.275000e+01,1.704707e+00,2.110935e+00,2.548217e+00,4.469491e+00,6.304828e+00,2.587139e+00,1.871982e+00,1.391279e+00
3.300000e+01,1.914404e+00,2.376650e+00,1.861806e+00,3.613819e+00,6.055479e+00,2.674388e+00,2.615630e+00,1.721164e+00
3.325000e+01,2.984677e+00,2.036424e+00,2.281536e+00,3.637780e+00,6.761658e+00,3.228635e+00,3.090325e+00,2.106748e+00
3.350000e+01,2.443683e+00,1.854204e+00,2.431178e+00,3.283187e+00,6.138816e+00,3.128504e+00,2.396105e+00,1.883636e+00
3.375000e+01,2.981461e+00,2.017762e+00,2.850579e+00,3.294935e+00,5.747864e+00,3.248692e+00,3.049070e+00,2.184950e+00
3.400000e+01,2.743925e+00,2.508839e+00,2.953976e+00,3.727509e+00,6.446484e+00,3.999908e+00,3.009003e+00,2.369348e+00
3.425000e+01,1.850385e+00,1.814671e+00,2.129650e+00,3.090239e+00,4.504921e+00,1.990545e+00,1.807046e+00,1.766262e+00
3.450000e+01,2.729900e+00,2.001981e+00,2.233258e+00,3.911372e+00,5.681425e+00,2.671046e+00,2.785334e+00,2.829860e+00
3.475000e+01,3.392557e+00,2.144005e+00,2.510913e+00,3.912200e+00,7.006554e+00,2.310755e+00,2.563124e+00,2.572245e+00
3.500000e+01,3.375432e+00,1.606965e+00,1.619424e+00,2.514876e+00,6.846154e+00,2.327764e+00,1.836942e+00,1.682333e+00
3.525000e+01,2.352468e+00,1.501362e+00,2.235937e+00,2.531028e+00,6.207179e+00,2.054774e+00,1.964957e+00,2.185633e+00
3.550000e+01,3.141726e+00,1.734880e+00,2.377418e+00,2.915871e+00,6.788801e+00,2.056994e+00,2.574620e+00,2.578914e+00
3.575000e+01,3.789460e+00,2.326065e+00,2.011767e+00,3.483497e+00,7.522372e+00,2.548432e+00,2.776230e+00,2.427439e+00
3.600000e+01,3.372576e+00,1.986146e+00,1.474349e+00,2.057298e+00,6.937578e+00,2.344552e+00,2.512037e+00,1.847407e+00
3.625000e+01,2.274510e+00,1.582509e+00,1.496159e+00,2.147144e+00,6.054403e+00,3.267582e+00,1.747726e+00,1.579474e+00
3.650000e+01,2.677024e+00,1.705419e+00,1.992801e+00,2.194096e+00,6.904342e+00,3.104228e+00,1.889252e+00,2.116130e+00
3.675000e+01,2.710443e+00,2.010642e+00,1.825445e+00,2.573856e+00,7.729527e+00,2.359765e+00,2.601487e+00,2.333623e+00
3.700000e+01,1.886096e+00,1.799368e+00,1.216277e+00,2.070581e+00,7.405022e+00,1.922661e+00,2.303980e+00,2.005818e+00
3.725000e+01,1.547429e+00,1.899423e+00,9.807931e-01,1.804141e+00,5.361690e+00,2.369542e+00,2.019128e+00,1.602242e+00
3.750000e+01,1.796188e+00,2.377506e+00,1.025210e+00,2.107716e+00,4.894202e+00,2.067872e+00,2.108074e+00,1.691574e+00
3.775000e+01,2.239811e+00,2.246277e+00,1.296506e+00,2.852905e+00,5.132586e+00,1.788407e+00,2.101368e+00,2.185587e+00
3.800000e+01,2.869815e+00,2.035041e+00,1.280379e+00,2.368666e+00,5.429391e+00,2.108965e+00,2.651150e+00,2.106741e+00
3.825000e+01,2.932605e+00,2.168071e+00,1.112173e+00,1.726672e+00,4.844076e+00,2.493223e+00,2.911817e+00,2.046176e+00
3.850000e+01,1.696549e+00,1.569694e+00,9.067156e-01,1.662531e+00,4.251719e+00,1.820664e+00,1.517013e+00,1.313251e+00
3.875000e+01,1.944388e+00,2.001882e+00,1.447810e+00,2.294687e+00,5.127670e+00,2.217184e+00,2.366744e+00,2.151180e+00
3.900000e+01,2.148689e+00,2.085988e+00,1.266941e+00,1.729329e+00,4.559554e+00,2.526713e+00,2.521468e+00,2.094687e+00
3.925000e+01,2.828385e+00,1.908299e+00,1.438857e+00,1.900103e+00,4.884570e+00,2.229060e+00,2.472002e+00,2.309452e+00
3.950000e+01,2.209813e+00,2.283259e+00,1.372761e+00,2.002314e+00,5.533821e+00,2.729006e+00,2.125012e+00,2.486870e+00
3.975000e+01,1.851154e+00,2.442718e+00,1.076973e+00,1.448961e+00,3.997366e+00,2.911228e+00,1.990822e+00,2.097164e+00
4.000000e+01,1.763506e+00,2.601230e+00,7.805033e-01,1.353726e+00,4.443186e+00,2.647772e+00,2.175296e+00,1.817245e+00
4.025000e+01,2.441427e+00,2.212140e+00,7.935664e-01,1.542430e+00,4.611794e+00,2.391412e+00,2.461871e+00,1.992897e+00
4.050000e+01,2.705579e+00,1.715264e+00,1.015088e+00,1.204263e+00,4.794807e+00,2.065199e+00,2.277940e+00,1.959964e+00
4.075000e+01,2.590824e+00,1.821797e+00,1.179088e+00,1.174817e+00,4.557168e+00,1.945811e+00,2.504723e+00,2.261374e+00
4.100000e+01,2.532502e+00,2.076813e+00,1.058050e+00,1.434226e+00,3.263063e+00,1.902780e+00,2.544256e+00,2.302851e+00
4.125000e+01,1.938053e+00,1.860611e+00,6.803734e-01,1.195485e+00,3.451359e+00,1.774212e+00,2.297626e+00,1.860060e+00
4.150000e+01,1.802595e+00,1.448036e+00,4.534113e-01,8.718063e-01,4.907985e+00,2.184580e+00,1.583400e+00,1.288588e+00
4.175000e+01,2.216635e+00,1.740201e+00,6.435402e-01,1.033493e+00,4.519678e+00,1.861070e+00,1.707952e+00,1.709950e+00
4.200000e+01,1.936298e+00,1.683585e+00,5.394362e-01,6.462131e-01,2.546620e+00,1.710948e+00,1.850484e+00,1.431821e+00
4.225000e+01,1.493643e+00,1.394754e+00,6.038352e-01,1.065193e+00,2.548914e+00,1.547066e+00,1.636932e+00,1.427304e+00
4.250000e+01,1.451006e+00,1.358423e+00,6.687201e-01,1.127154e+00,2.735240e+00,1.568728e+00,1.316778e+00,1.442437e+00
4.275000e+01,1.660645e+00,1.457957e+00,5.155551e-01,7.602975e-01,4.153113e+00,1.789247e+00,1.574277e+00,1.485600e+00
4.300000e+01,1.931863e+00,1.820363e+00,3.557260e-01,5.921888e-01,3.785066e+00,1.882717e+00,1.715266e+00,1.447338e+00
4.325000e+01,1.842551e+00,1.783239e+00,3.643604e-01,5.875258e-01,2.575458e+00,1.920539e+00,1.731068e+00,1.360301e+00
4.350000e+01,1.923791e+00,1.705392e+00,4.769392e-01,7.993058e-01,2.250489e+00,2.009818e+00,1.590805e+00,1.609556e+00
4.375000e+01,2.631302e+00,2.127970e+00,6.437577e-01,9.587413e-01,4.180157e+00,2.101943e+00,1.858807e+00,1.933982e+00
4.400000e+01,1.586846e+00,1.437150e+00,4.555023e-01,6.379878e-01,4.105809e+00,2.044262e+00,1.500848e+00,1.149619e+00
4.425000e+01,1.286649e+00,1.652797e+00,3.377885e-01,4.813960e-01,3.138037e+00,1.656183e+00,1.489207e+00,1.137938e+00
4.450000e+01,1.373771e+00,1.293543e+00,3.857467e-01,5.950359e-01,2.639666e+00,1.397456e+00,1.280070e+00,1.212717e+00
4.475000e+01,1.743888e+00,1.481574e+00,4.769566e-01,7.145401e-01,3.708840e+00,2.160798e+00,1.511164e+00,1.351220e+00
4.500000e+01,2.070460e+00,1.894157e+00,3.801867e-01,6.277282e-01,3.847044e+00,2.170581e+00,1.840676e+00,1.531541e+00
4.525000e+01,2.097526e+00,2.071078e+00,4.032999e-01,5.042038e-01,3.166763e+00,1.887615e+00,1.867265e+00,1.686946e+00
4.550000e+01,1.875131e+00,1.682951e+00,3.408841e-01,5.508645e-01,1.879892e+00,1.438032e+00,1.428687e+00,1.356498e+00
4.575000e+01,1.667073e+00,1.667774e+00,3.727007e-01,6.533384e-01,2.262313e+00,1.188312e+00,1.437732e+00,1.455275e+00
4.600000e+01,1.846796e+00,1.306535e+00,3.118955e-01,4.286264e-01,3.426871e+00,1.774551e+00,1.433896e+00,1.492233e+00
4.625000e+01,1.430614e+00,1.237882e+00,2.500082e-01,3.879575e-01,3.232644e+00,1.537009e+00,1.290196e+00,1.003587e+00
4.650000e+01,1.734852e+00,1.517736e+00,3.462337e-01,5.034523e-01,3.431330e+00,1.043921e+00,1.711824e+00,1.468557e+00
4.675000e+01,2.079126e+00,1.791361e+00,3.493668e-01,5.492964e-01,3.180465e+00,9.817413e-01,2.046638e+00,1.697694e+00
4.700000e+01,1.153613e+00,1.525597e+00,2.202737e-01,4.468292e-01,3.311760e+00,1.067860e+00,1.330758e+00,1.070886e+00
4.725000e+01,1.378308e+00,1.162828e+00,2.327027e-01,4.095891e-01,3.005510e+00,1.185509e+00,1.056528e+00,9.779580e-01
4.750000e+01,1.297445e+00,1.091539e+00,2.165245e-01,4.103674e-01,2.062955e+00,1.344304e+00,1.114889e+00,9.381513e-01
4.775000e+01,1.514762e+00,1.298606e+00,1.647093e-01,2.978908e-01,2.848594e+00,1.201913e+00,1.464482e+00,1.081645e+00
4.800000e+01,1.365673e+00,1.134823e+00,1.605269e-01,2.723891e-01,2.713055e+00,1.058902e+00,1.129791e+00,8.547361e-01
4.825000e+01,1.241204e+00,1.114273e+00,1.411428e-01,2.676118e-01,2.389183e+00,1.096506e+00,1.250578e+00,7.751994e-01
4.850000e+01,1.222551e+00,1.149198e+00,1.761092e-01,3.329043e-01,2.584739e+00,1.014418e+00,1.320557e+00,9.844342e-01
4.875000e+01,1.102966e+00,9.865919e-01,1.978940e-01,3.155818e-01,2.520875e+00,1.103118e+00,1.255985e+00,9.638792e-01
4.900000e+01,1.507556e+00,1.348875e+00,2.053578e-01,3.035972e-01,2.460998e+00,1.039791e+00,1.742125e+00,1.345174e+00
4.925000e+01,1.469282e+00,1.044684e+00,1.530165e-01,2.868240e-01,2.041721e+00,1.225011e+00,1.324574e+00,1.153121e+00
4.950000e+01,1.087994e+00,8.611828e-01,1.449334e-01,2.711516e-01,2.147847e+00,1.571976e+00,9.558035e-01,9.206137e-01
4.975000e+01,1.338269e+00,1.181827e+00,2.184089e-01,3.064617e-01,2.612328e+00,1.689217e+00,1.332724e+00,1.240580e+00
5.000000e+01,1.292885e+00,1.068568e+00,1.959385e-01,2.513174e-01,2.841110e+00,1.567167e+00,1.200461e+00,1.080670e+00
5.025000e+01,1.388620e+00,1.111088e+00,2.358578e-01,2.703342e-01,2.241271e+00,1.379792e+00,1.207705e+00,1.134287e+00
5.050000e+01,1.197184e+00,1.102028e+00,1.934836e-01,3.075753e-01,2.091587e+00,1.068704e+00,1.224777e+00,1.048034e+00
5.075000e+01,1.093822e+00,7.781507e-01,1.382818e-01,1.985726e-01,1.884233e+00,9.503990e-01,9.228288e-01,7.745352e-01
5.100000e+01,8.114187e-01,7.654115e-01,1.215039e-01,1.998434e-01,2.121262e+00,8.017799e-01,8.298680e-01,7.535485e-01
5.125000e+01,1.260773e+00,8.851827e-01,1.213505e-01,1.649350e-01,2.170807e+00,8.598191e-01,1.208466e+00,9.529901e-01
5.150000e+01,1.126087e+00,9.117047e-01,1.040166e-01,1.479396e-01,2.545951e+00,1.064966e+00,1.104716e+00,7.022925e-01
5.175000e+01,9.167165e-01,7.102473e-01,1.124358e-01,1.514152e-01,2.152195e+00,7.406557e-01,9.162333e-01,5.775056e-01
5.200000e+01,9.764650e-01,7.633657e-01,1.369407e-01,1.744907e-01,1.618959e+00,1.106997e+00,9.718362e-01,6.487602e-01
5.225000e+01,8.925393e-01,6.773498e-01,9.590067e-02,1.279421e-01,1.187387e+00,7.708105e-01,9.898822e-01,5.537819e-01
5.250000e+01,7.977199e-01,5.517655e-01,6.986970e-02,9.501752e-02,1.489324e+00,6.095306e-01,6.189648e-01,4.541504e-01
5.275000e+01,6.844627e-01,6.839389e-01,6.685289e-02,1.061023e-01,1.467507e+00,7.027749e-01,6.223316e-01,5.798310e-01
5.300000e+01,6.404238e-01,5.089675e-01,6.299743e-02,1.047712e-01,9.846862e-01,7.214029e-01,5.151569e-01,5.045880e-01
5.325000e+01,7.158320e-01,5.426643e-01,5.844643e-02,7.866670e-02,8.232197e-01,5.971969e-01,6.687271e-01,5.111772e-01
5.350000e+01,7.465575e-01,8.095024e-01,7.176096e-02,1.050983e-01,1.052312e+00,4.666694e-01,8.569547e-01,6.375673e-01
5.375000e+01,5.578110e-01,4.993869e-01,6.721524e-02,1.111612e-01,8.164032e-01,3.420507e-01,5.993475e-01,4.615282e-01
5.400000e+01,3.904269e-01,3.393181e-01,4.933895e-02,7.844033e-02,8.225099e-01,4.695839e-01,3.366997e-01,2.816344e-01
5.425000e+01,4.375239e-01,3.978219e-01,3.679569e-02,5.058360e-02,8.305553e-01,5.172280e-01,4.297329e-01,3.251426e-01
5.450000e+01,4.673294e-01,3.608758e-01,4.312578e-02,5.242444e-02,7.883804e-01,3.940097e-01,4.910415e-01,3.638438e-01
5.475000e+01,4.823302e-01,3.809319e-01,4.992950e-02,6.409288e-02,6.247959e-01,2.885893e-01,4.673597e-01,4.060908e-01
5.500000e+01,3.990824e-01,3.664660e-01,3.713997e-02,5.857156e-02,5.195091e-01,4.487027e-01,4.540160e-01,3.205210e-01
5.525000e+01,2.465796e-01,2.185725e-01,2.599135e-02,4.830571e-02,4.474513e-01,3.920586e-01,3.114226e-01,2.257348e-01
5.550000e+01,2.240847e-01,1.619413e-01,3.025815e-02,4.540644e-02,3.982298e-01,2.783759e-01,2.428207e-01,2.422101e-01
5.575000e+01,2.195299e-01,2.289007e-01,2.491802e-02,3.110489e-02,4.407598e-01,2.752170e-01,2.246873e-01,2.313557e-01
5.600000e+01,2.025231e-01,2.015768e-01,1.719834e-02,2.468787e-02,3.913271e-01,2.192523e-01,1.753289e-01,1.652574e-01
5.625000e+01,2.015333e-01,1.751825e-01,1.200779e-02,1.990487e-02,2.838392e-01,1.796132e-01,1.735645e-01,1.341198e-01
5.650000e+01,1.690381e-01,1.543749e-01,1.204060e-02,1.831334e-02,2.353072e-01,1.797560e-01,1.624950e-01,1.205804e-01
5.675000e+01,1.381226e-01,1.042637e-01,1.102034e-02,1.747488e-02,2.805121e-01,1.562743e-01,1.128406e-01,9.244283e-02
5.700000e+01,9.976754e-02,6.871496e-02,8.705100e-03,1.312774e-02,2.014104e-01,9.066222e-02,8.848690e-02,6.767203e-02
5.725000e+01,7.696558e-02,6.368606e-02,5.123720e-03,1.010970e-02,1.146667e-01,8.047832e-02,7.741096e-02,5.189920e-02
5.750000e+01,7.292629e-02,5.893727e-02,3.538833e-03,6.521402e-03,1.013254e-01,6.106104e-02,6.059267e-02,4.606398e-02
5.775000e+01,3.974157e-02,2.426323e-02,2.222650e-03,3.767668e-03,7.702405e-02,3.833745e-02,2.974230e-02,2.322275e-02
5.800000e+01,1.538142e-02,8.999262e-03,1.040607e-03,1.916832e-03,4.363572e-02,1.802344e-02,1.537745e-02,1.084506e-02
5.825000e+01,7.043749e-03,4.884489e-03,4.075683e-04,6.668027e-04,1.543319e-02,4.236357e-03,6.785862e-03,4.627413e-03
5.850000e+01,1.177210e-03,9.066414e-04,6.039565e-05,9.107163e-05,2.336319e-03,9.980183e-04,1.056675e-03,6.670152e-04
5.875000e+01,8.464848e-05,6.813070e-05,6.321396e-06,7.884454e-06,1.716137e-04,8.885492e-05,8.587047e-05,6.654836e-05
5.900000e+01,6.228857e-06,4.682998e-06,4.273575e-07,6.209914e-07,1.249607e-05,6.288148e-06,5.254476e-06,3.976003e-06
5.925000e+01,4.457273e-07,3.123083e-07,3.617937e-08,4.477874e-08,1.018304e-06,4.933382e-07,3.611014e-07,3.453921e-07
5.950000e+01,6.007322e-08,4.513912e-08,4.525285e-09,6.636696e-09,1.399090e-07,6.311731e-08,5.430258e-08,4.391594e-08
5.975000e+01,2.693938e-08,1.883830e-08,2.052807e-09,2.936772e-09,6.270824e-08,2.817504e-08,2.367685e-08,1.870450e-08
6.000000e+01,1.469597e-08,1.007169e-08,1.108542e-09,1.642009e-09,3.456787e-08,1.553775e-08,1.297328e-08,9.999894e-09
6.025000e+01,9.295246e-09,6.260433e-09,6.919593e-10,1.085393e-09,2.184849e-08,1.023054e-08,8.389478e-09,6.104345e-09
6.050000e+01,7.400728e-09,4.855388e-09,5.198180e-10,9.107866e-10,1.738308e-08,8.944738e-09,6.810123e-09,4.345292e-09
6.075000e+01,1.273903e-08,9.358340e-09,8.288906e-10,1.782679e-09,3.522460e-08,1.965754e-08,1.340212e-08,7.437098e-09
6.100000e+01,2.006799e-07,1.707435e-07,1.071987e-08,2.181891e-08,4.915932e-07,2.891444e-07,1.547836e-07,1.289137e-07
6.125000e+01,3.044917e-06,2.669291e-06,2.231421e-07,4.689741e-07,8.808484e-06,3.375052e-06,3.414950e-06,2.571941e-06
6.150000e+01,3.199209e-05,2.606550e-05,2.079026e-06,3.150591e-06,8.152564e-05,3.173449e-05,3.498069e-05,2.409410e-05
6.175000e+01,1.712753e-04,1.548643e-04,1.077512e-05,1.671306e-05,2.538298e-04,1.237822e-04,1.775927e-04,1.346459e-04
6.200000e+01,5.221858e-04,4.563635e-04,2.319850e-05,4.193873e-05,8.953215e-04,3.609561e-04,5.418885e-04,3.305932e-04
6.225000e+01,7.808363e-04,6.133028e-04,4.675125e-05,6.924582e-05,1.572668e-03,5.537940e-04,7.569605e-04,4.992408e-04
6.250000e+01,6.755427e-04,6.186265e-04,5.353714e-05,6.934305e-05,1.458149e-03,6.769173e-04,6.752232e-04,4.778771e-04
6.275000e+01,7.949768e-04,5.888667e-04,4.420047e-05,6.111240e-05,1.919705e-03,8.247677e-04,6.812551e-04,4.760785e-04
6.300000e+01,6.101301e-04,4.804087e-04,3.036040e-05,3.619641e-05,1.982873e-03,7.698137e-04,7.012716e-04,4.149100e-04
6.325000e+01,4.378857e-04,4.874483e-04,2.643488e-05,3.428630e-05,1.232789e-03,5.164989e-04,5.621904e-04,3.860739e-04
6.350000e+01,2.822123e-04,3.600267e-04,2.244804e-05,3.397856e-05,7.576224e-04,3.638631e-04,3.316922e-04,2.846539e-04
6.375000e+01,2.071863e-04,2.103829e-04,1.401622e-05,1.985854e-05,5.857741e-04,2.623313e-04,1.974834e-04,1.756758e-04
6.400000e+01,1.824831e-04,1.654274e-04,1.191925e-05,1.520532e-05,4.004337e-04,2.052449e-04,1.386350e-04,1.467355e-04
6.425000e+01,1.437406e-04,9.719973e-05,6.933938e-06,1.080053e-05,2.131464e-04,1.410056e-04,8.939928e-05,7.571053e-05
6.450000e+01,1.126803e-04,7.585832e-05,6.474452e-06,9.217323e-06,1.682703e-04,1.031958e-04,7.774074e-05,7.061655e-05
6.475000e+01,7.757918e-05,6.821858e-05,5.529580e-06,7.956552e-06,1.629135e-04,8.730172e-05,7.902443e-05,6.470352e-05
6.500000e+01,6.774865e-05,4.865579e-05,4.513150e-06,6.200242e-06,1.841169e-04,8.668951e-05,5.116144e-05,4.897626e-05
6.525000e+01,4.595932e-05,3.873325e-05,3.862993e-06,4.911235e-06,1.371524e-04,6.283426e-05,3.402674e-05,3.832155e-05
6.550000e+01,3.258599e-05,2.423103e-05,2.557279e-06,4.054977e-06,6.917523e-05,2.353556e-05,2.652228e-05,2.973483e-05
6.575000e+01,2.565199e-05,1.916063e-05,1.528376e-06,2.480105e-06,5.663649e-05,2.266579e-05,2.241661e-05,1.910797e-05
6.600000e+01,2.109826e-05,1.326847e-05,7.890909e-07,1.047675e-06,3.337690e-05,2.308007e-05,1.665912e-05,1.148744e-05
6.625000e+01,1.619443e-05,1.039143e-05,8.216531e-07,1.062115e-06,2.558012e-05,1.931416e-05,1.158752e-05,1.011051e-05
6.650000e+01,7.793162e-06,5.818890e-06,6.543723e-07,7.777719e-07,2.138253e-05,1.116721e-05,6.080443e-06,6.571526e-06
6.675000e+01,4.939367e-06,3.951344e-06,4.530327e-07,5.683991e-07,1.076880e-05,4.982639e-06,4.692170e-06,5.076796e-06
6.700000e+01,5.061525e-06,3.079063e-06,2.699228e-07,4.600722e-07,1.509086e-05,4.547015e-06,4.192923e-06,3.845918e-06
6.725000e+01,2.912306e-06,2.082064e-06,1.607397e-07,2.614641e-07,8.601198e-06,4.015296e-06,2.236157e-06,2.471913e-06
6.750000e+01,2.291673e-06,2.079301e-06,1.504778e-07,1.975665e-07,4.311624e-06,2.728158e-06,1.795478e-06,1.938939e-06
6.775000e+01,1.767633e-06,1.566630e-06,1.012758e-07,1.459934e-07,2.701307e-06,1.836051e-06,1.364970e-06,1.356403e-06
6.800000e+01,1.168729e-06,8.927431e-07,6.733533e-08,1.091066e-07,2.296711e-06,1.156209e-06,9.529176e-07,9.011960e-07
6.825000e+01,8.381499e-07,6.752813e-07,4.987353e-08,8.651266e-08,1.631318e-06,6.980604e-07,6.369839e-07,6.403046e-07
6.850000e+01,5.966166e-07,5.578735e-07,4.231548e-08,6.804197e-08,1.451147e-06,5.637373e-07,4.687231e-07,5.843192e-07
6.875000e+01,3.857678e-07,3.841931e-07,2.237125e-08,3.940899e-08,8.895981e-07,4.851456e-07,3.620299e-07,3.302664e-07
6.900000e+01,2.597717e-07,2.399831e-07,1.233833e-08,2.581317e-08,6.725958e-07,3.300166e-07,2.770764e-07,1.964258e-07
6.925000e+01,1.767129e-07,1.421566e-07,1.107910e-08,2.145343e-08,5.325849e-07,1.880976e-07,1.596065e-07,1.525524e-07
6.950000e+01,1.151331e-07,8.704303e-08,5.954428e-09,1.017563e-08,3.591487e-07,1.270953e-07,8.808260e-08,7.512286e-08
6.975000e+01,6.485603e-08,4.465199e-08,2.836914e-09,6.495201e-09,2.119431e-07,7.015670e-08,4.150535e-08,4.016516e-08
7.000000e+01,4.230794e-08,2.135519e-08,2.826395e-09,5.723795e-09,7.056601e-08,4.564410e-08,1.989966e-08,3.644785e-08
7.025000e+01,3.813134e-08,2.582806e-08,1.688261e-09,2.596714e-09,5.953916e-08,3.410675e-08,2.777095e-08,2.496375e-08
7.050000e+01,2.649346e-08,2.878876e-08,1.582006e-09,2.041533e-09,4.364256e-08,3.243899e-08,2.675534e-08,2.506984e-08
7.075000e+01,1.117182e-08,1.367096e-08,7.758633e-10,1.214761e-09,2.733444e-08,1.924502e-08,1.215597e-08,1.122960e-08
7.100000e+01,7.628557e-09,6.355355e-09,4.843285e-10,6.932595e-10,2.262623e-08,9.181793e-09,6.007435e-09,5.702817e-09
7.125000e+01,5.887161e-09,5.850469e-09,3.039053e-10,4.208118e-10,1.331695e-08,6.190185e-09,4.884124e-09,3.684523e-09
7.150000e+01,3.859885e-09,2.948773e-09,2.886118e-10,4.072103e-10,1.016797e-08,5.063609e-09,2.998264e-09,3.777471e-09
7.175000e+01,2.231942e-09,1.395675e-09,1.484552e-10,2.327229e-10,5.093048e-09,2.972398e-09,1.743239e-09,2.093118e-09
7.200000e+01,1.339042e-09,8.936679e-10,8.024027e-11,1.036427e-10,2.207529e-09,9.744414e-10,1.092493e-09,8.759088e-10
7.225000e+01,7.417970e-10,6.509816e-10,3.878209e-11,6.383619e-11,1.541370e-09,6.417363e-10,6.769851e-10,4.629645e-10
7.250000e+01,4.168749e-10,3.742911e-10,2.372621e-11,3.979803e-11,9.776070e-10,5.438755e-10,4.058355e-10,2.660169e-10
7.275000e+01,2.230014e-10,1.668965e-10,1.396533e-11,2.476605e-11,4.942482e-10,2.798898e-10,1.864591e-10,1.642748e-10
7.300000e+01,1.227839e-10,1.051624e-10,1.234919e-11,1.545083e-11,2.531839e-10,1.507441e-10,1.012708e-10,1.495685e-10
7.325000e+01,6.092972e-11,5.219685e-11,7.528098e-12,6.488793e-12,8.000085e-11,6.953930e-11,4.908902e-11,6.919514e-11
7.350000e+01,4.187559e-11,2.833542e-11,3.814841e-12,5.327692e-12,7.159834e-11,4.835662e-11,3.137766e-11,3.606438e-11
7.375000e+01,2.604024e-11,1.778994e-11,1.927064e-12,2.479398e-12,5.422691e-11,2.209686e-11,2.247201e-11,2.206503e-11
7.400000e+01,1.423085e-11,1.142624e-11,1.598078e-12,2.206696e-12,3.030684e-11,1.673771e-11,1.199804e-11,1.211570e-11
7.425000e+01,1.179306e-11,7.072811e-12,1.220613e-12,1.282643e-12,2.276130e-11,9.129804e-12,8.521979e-12,8.010523e-12
7.450000e+01,6.692420e-12,4.424506e-12,9.548848e-13,9.675493e-13,1.668234e-11,6.199019e-12,5.419768e-12,4.604126e-12
7.475000e+01,7.205334e-12,3.630449e-12,7.537655e-13,9.115472e-13,8.658446e-12,3.903414e-12,5.010122e-12,3.976241e-12
7.500000e+01,4.355972e-12,1.857216e-12,8.120608e-13,8.420667e-13,1.107428e-11,4.256614e-12,2.806315e-12,2.226777e-12
7.525000e+01,3.955243e-12,2.002558e-12,7.122911e-13,6.894765e-13,7.123987e-12,2.643923e-12,2.880089e-12,2.463285e-12
7.550000e+01,3.536456e-12,1.577204e-12,6.901133e-13,7.342130e-13,7.168535e-12,2.784015e-12,2.417346e-12,2.216708e-12
7.575000e+01,3.423783e-12,1.543799e-12,6.716015e-13,7.044360e-13,6.658412e-12,2.498495e-12,2.294896e-12,2.093897e-12
7.600000e+01,3.374411e-12,1.506522e-12,6.527020e-13,6.462572e-13,6.352153e-12,2.393302e-12,2.256700e-12,2.038293e-12
7.625000e+01,3.146143e-12,1.368563e-12,6.282076e-13,6.605323e-13,6.270409e-12,2.274209e-12,2.132294e-12,1.920392e-12
7.650000e+01,3.050305e-12,1.322914e-12,6.163095e-13,6.297389e-13,5.874579e-12,2.185321e-12,2.024479e-12,1.884683e-12
7.675000e+01,2.980640e-12,1.283316e-12,5.990050e-13,6.150128e-13,5.763304e-12,2.098283e-12,1.982653e-12,1.826878e-12
7.700000e+01,2.863971e-12,1.223326e-12,5.864421e-13,6.005452e-13,5.542635e-12,2.030111e-12,1.902152e-12,1.773291e-12
7.725000e+01,2.789932e-12,1.186083e-12,5.746408e-13,5.885107e-13,5.401563e-12,1.970624e-12,1.845935e-12,1.736333e-12
7.750000e+01,2.718322e-12,1.147786e-12,5.632537e-13,5.755054e-13,5.248762e-12,1.911358e-12,1.793085e-12,1.691822e-12
7.775000e+01,2.652590e-12,1.114197e-12,5.535929e-13,5.656075e-13,5.121256e-12,1.862151e-12,1.744389e-12,1.658479e-12
7.800000e+01,2.595483e-12,1.083983e-12,5.448644e-13,5.561195e-13,5.007256e-12,1.816556e-12,1.702499e-12,1.626548e-12
7.825000e+01,2.545371e-12,1.058083e-12,5.372707e-13,5.479751e-13,4.907990e-12,1.777589e-12,1.665813e-12,1.599948e-12
7.850000e+01,2.503008e-12,1.036030e-12,5.307231e-13,5.409547e-13,4.823192e-12,1.744329e-12,1.634720e-12,1.576767e-12
7.875000e+01,2.467334e-12,1.017504e-12,5.252198e-13,5.350542e-13,4.752009e-12,1.716355e-12,1.608557e-12,1.557334e-12
7.900000e+01,2.438385e-12,1.002473e-12,5.207382e-13,5.302545e-13,4.694231e-12,1.693665e-12,1.587325e-12,1.541572e-12
7.925000e+01,2.416031e-12,9.908649e-13,5.172669e-13,5.265377e-13,4.649570e-12,1.676132e-12,1.570933e-12,1.529389e-12
7.950000e+01,2.400142e-12,9.826173e-13,5.147953e-13,5.238922e-13,4.617817e-12,1.663669e-12,1.559284e-12,1.520727e-12
7.975000e+01,2.390641e-12,9.776858e-13,5.133155e-13,5.223084e-13,4.598826e-12,1.656215e-12,1.552318e-12,1.515547e-12
8.000000e+01,1.193740e-12,4.880225e-13,2.564114e-13,2.608905e-13,2.296252e-12,8.268674e-13,7.750002e-13,7.569115e-13
